run_order,whole_plot,emc_lot,film_roughness_class,film_Ra_um_project_scenario,is_center,A_vacuum_code,B_zone_range_code,C_closing_speed_code,vacuum_base_kpa_abs,zone_range_c,closing_speed_mm_s,notes,actual_vacuum_base_kpa_abs,actual_zone_range_c,actual_closing_speed_mm_s,measured_Ra_um,measured_Rz_um,contact_angle_deg,interface_shear_mpa,viscosity_index,gel_time_s,vacuum_time_s,fill_time_s,process_margin_s,cure_flow_risk,flow_load_index,shift_safety_factor,edge_void_pct,chip_offset_p95_um,warpage_um,cycle_time_index
1,WP1,M03,Smooth,0.25,0,-1,1,1,4.5,3.5,1.15,,4.462655393415367,3.409955627674397,1.1591538540256603,0.23792210302681685,1.3338248394833077,67.5122634034298,5.825168351347392,1.1082131775388666,22.309934367880597,5.072742527196341,8.227837222622219,9.009354618062039,0.786562680913646,31.895384312793176,0.8766412033873019,2.255222752322761,39.43310569883126,837.4025654568377,99.62688381122943
2,WP1,M03,Smooth,0.25,0,-1,-1,-1,4.5,1.5,0.85,,4.533249443839238,1.4948940654908718,0.854207540372421,0.24293004965786666,1.2583395156890849,63.98933886623789,5.941245977836195,1.1304366767989618,25.095586864495818,4.982659171863839,8.31166339203994,11.801264300592038,0.2718935310245755,19.25921392569655,1.4807447907083944,1.0849964477994263,23.76580731920866,695.5896541954095,103.43104592838955
3,WP1,M03,Smooth,0.25,0,1,-1,-1,6.5,1.5,0.85,,6.267665847997002,1.420639120482776,0.8509905843835481,0.2716687307662558,1.2663071488550492,64.19796041230421,6.085999981510395,1.1689621430343322,25.392925070526434,6.3436655959200206,8.562488798708147,10.486770675898269,0.5231953503729375,21.585118757297504,1.3533768444694623,1.2330246342093185,25.914289480046094,699.791812715348,100.00291342050497
4,WP1,M03,Smooth,0.25,0,1,1,1,6.5,3.5,1.15,,6.633371119951035,3.4206143784264986,1.159452612697055,0.2788645962681201,1.2637262466245027,64.92242769251995,5.834306691145883,1.1077615670881744,22.52173505433053,6.968547955236989,8.11976248253933,7.433424616554211,0.9306419122704994,33.36107923192265,0.8394414318198388,2.367743244731977,39.70477067199956,841.4477482336946,95.159037297482
5,WP1,M03,Smooth,0.25,1,0,0,0,5.5,2.5,1.0,,5.309820084099096,2.497108718956625,0.9949251036589889,0.24627327300120336,1.53851807312033,65.99258614204057,6.106912801847609,1.1460518344551787,23.87074360487476,5.751998255249301,8.338350625625363,9.780394724000097,0.6619679273828218,26.852997955649336,1.0916167162147947,1.869517790657896,32.2418828425683,778.5110860304098,99.8874782734726
6,WP1,M03,Smooth,0.25,0,-1,1,-1,4.5,3.5,0.85,,4.4315670180732045,3.3789455576936387,0.8637583635891978,0.24433711815774234,1.2050268710610856,64.72799740024335,6.072938245703131,1.1367655622785464,22.222365564842413,4.918445224966057,8.745494987203635,8.558425352672721,0.8421205237978837,28.84419671643649,1.0106054908010047,1.9565497001853498,33.1407227841394,826.6136208894574,103.96289960604868
7,WP1,M03,Smooth,0.25,0,1,1,-1,6.5,3.5,0.85,,6.56908433374011,3.4474444746563777,0.839873925470643,0.24788680865873994,1.400433844641921,67.01613544012645,6.066105303831192,1.1557225910505333,22.041994479768718,6.750083830003581,8.560849849172902,6.731060800592235,0.9597873506463911,29.87124956142438,0.9747602087591173,2.320725599378343,35.52280898720771,836.9265350783398,99.57599396511355
8,WP1,M03,Smooth,0.25,0,1,-1,1,6.5,1.5,1.15,,6.5041660883131724,1.6319041781373897,1.1428667917067106,0.26620951896548656,1.3223284893119933,67.02987491076227,6.274132372833701,1.1286088011611433,25.426832123546067,6.561470734074939,8.158302351691672,10.707059037779453,0.47806698157108823,25.05887967246619,1.2018029450331722,1.6113222360034716,29.992717402131305,724.2375573194898,95.93415680442818
9,WP1,M03,Smooth,0.25,0,-1,-1,1,4.5,1.5,1.15,,4.460875244955994,1.542335455454569,1.162423943049459,0.2512518401701001,1.1360077202919694,64.41190996603665,6.347332043556047,1.1550930203249352,25.134788108297865,5.0748190945608895,8.223419383665345,11.83654963007163,0.26620349837389157,22.995793211241562,1.324902930253132,1.1734312753250071,25.253892848243982,702.3773868034128,100.31829828168817
10,WP2,M02,Textured,0.65,0,-1,1,1,4.5,3.5,1.15,,4.417698799729951,3.6638879356191376,1.1389249657639724,0.615527256800925,3.216314892293543,74.64040849340155,8.554559895542107,0.9947311124248713,24.032218741253143,4.893615121151593,7.995121951704109,11.143481668397438,0.39039433156035624,25.69881877600951,1.597812251858611,1.5187624171298717,22.712449752191016,800.6058064711311,100.11095531614154
11,WP2,M02,Textured,0.65,0,-1,-1,1,4.5,1.5,1.15,,4.509717305885042,1.522884538096088,1.1409931873430468,0.6270207443020603,3.2552485094624792,75.11552711896904,8.980406838823939,0.99188657120792,26.94307310692874,5.007601373151875,7.9334859816450525,14.001985752131812,0.0578872221719909,18.116559546028647,2.3793674906560396,0.8901222917828209,17.529263898489237,705.4383055025194,99.89808410514534
12,WP2,M02,Textured,0.65,1,0,0,0,5.5,2.5,1.0,,5.386906205644279,2.209595051155369,1.0061693819929027,0.6123073148280996,3.0927945943684536,76.7677067962984,8.524797095721,1.002928768401546,26.251519708871285,5.822341410512665,7.961778023144248,12.467400275214374,0.17780820500625763,19.07130473628815,2.145580841231153,1.12885784366992,17.1493698418614,696.7918057726703,99.79840324783213
13,WP2,M02,Textured,0.65,0,1,1,1,6.5,3.5,1.15,,6.578990313421513,3.5366910848454056,1.1392366679483965,0.6555806472567322,3.411360137602122,75.8850109501592,8.506492001602501,0.9922971863693477,23.808486446129347,6.6971518722824674,7.898914845907654,9.212419727939224,0.7572783958266954,29.11700614333852,1.4023131844904144,2.5921675995860434,26.96905059266874,776.3167544158539,95.9834304147279
14,WP2,M02,Textured,0.65,0,-1,-1,-1,4.5,1.5,0.85,,4.444536434508703,1.5108882856929517,0.8462655941011903,0.6117866064169953,3.1656139156505128,76.87879568992719,8.683182117561149,1.0098862055412432,27.243365161385555,4.859066059665717,8.10547954081029,14.278819560909547,0.046680123787182164,14.44376493847201,2.8856239589774657,0.6261398143188086,14.793159261569512,680.7522582126912,104.08876495442473
15,WP2,M02,Textured,0.65,0,-1,1,-1,4.5,3.5,0.85,,4.418715349097665,3.4863454155322717,0.8526037919203338,0.6431474576484324,3.2719977004048757,74.72105581239299,8.676202354333244,0.998326434900193,23.902543282264844,4.850161346514202,8.30532390176657,10.747058033984072,0.4698895814123888,22.702832148232435,1.8343866099561488,1.4500473167287893,22.092026160587448,826.7010451598899,103.3857176727051
16,WP2,M02,Textured,0.65,0,1,1,-1,6.5,3.5,0.85,,6.59474010730957,3.4331458742050915,0.8396581849910765,0.6377129083059718,3.037715707029788,76.28618417292014,8.188420927963003,0.9697210704233985,23.902139940093583,6.730165870319028,8.002425656717747,9.169548413056809,0.7636814919331779,25.37900488763488,1.5486982499212274,2.3029685265420516,25.041644732454056,821.6936898526128,100.15825306820466
17,WP2,M02,Textured,0.65,0,1,-1,-1,6.5,1.5,0.85,,6.4362874842482345,1.4513371199452658,0.8509848106388225,0.6358479254137899,3.2333621968267714,74.69692168391857,8.827470398903715,1.0147810267071247,27.444950504907183,6.577119493200912,8.186307753857422,12.68152325784885,0.15357285245782892,15.45022049213469,2.7424759365931544,0.8777523148246442,14.63436655846152,685.7048788745147,101.3793666281553
18,WP2,M02,Textured,0.65,0,1,-1,1,6.5,1.5,1.15,,6.629751648993819,1.505843440466455,1.1405962229520856,0.5843655112246767,2.9592222919134534,74.20212764712002,8.499035048149988,0.9956697415364193,27.195484029910013,6.577911001301097,7.902420698128191,12.715152330480725,0.15002245979482406,18.999066154306178,2.147230179619833,1.1473050292221665,17.960669844144455,683.1460233600172,95.0492375663062
19,WP3,M02,Smooth,0.25,1,0,0,0,5.5,2.5,1.0,,5.524542755414866,2.5123903419960634,0.9980651220021057,0.23952802076664959,1.1460627115819697,61.05764537935739,5.965407643972602,0.9861620501618228,25.610940442811508,6.017329795766982,7.846848212985314,11.74676243405921,0.28083061988860086,20.609868346903404,1.389332343569807,0.9435159251613834,27.114223697716056,720.3566633751375,99.14408242307825
20,WP3,M02,Smooth,0.25,0,-1,-1,-1,4.5,1.5,0.85,,4.395101174894688,1.3336547340466067,0.8720731396495794,0.2969583031022368,1.8264813904229726,62.54951046106105,6.402434492570324,0.9929474217755148,27.556506710389044,4.928195541629913,8.155855335700148,14.472455833058985,0.04010150102009031,14.33320215408907,2.1440907086885828,0.3874994778427957,17.65268745105106,672.6234352916786,103.7829255144838
21,WP3,M02,Smooth,0.25,0,-1,1,-1,4.5,3.5,0.85,,4.538058169224292,3.453742417526498,0.8472956829434787,0.22901639975247498,1.1239633056586136,61.020379586159265,6.534984106793452,0.9948343514529668,24.407910516579985,4.881944522191177,7.992739668418742,11.533226325970066,0.317508477430095,21.050117804675686,1.4901543071479189,0.9155113566829604,25.32868411976351,777.8782933027301,103.49506521220319
22,WP3,M02,Smooth,0.25,0,1,1,1,6.5,3.5,1.15,,6.52707616869203,3.4494138860918633,1.1646339661621423,0.22269959815451218,1.1339733389908058,61.088540997230204,6.631109790536272,1.0210173286848758,24.278530720032517,6.796504338140793,8.12611186651079,9.355914515380935,0.7350018355868971,29.024453721998405,1.0966382795501095,2.0729857004745376,30.056347707098144,778.447778682722,96.07791904444531
23,WP3,M02,Smooth,0.25,0,-1,1,1,4.5,3.5,1.15,,4.473556150935338,3.5403234483518626,1.1448230681931557,0.247251858761317,1.243343192370087,62.975097275679644,6.938768317483539,1.0038249208237393,23.9036227656776,4.851772361304421,7.8457737476969,11.20607665667628,0.37824996978928827,25.401023412914476,1.3112104729995795,1.4783793985307945,26.843711789742468,788.8500493471292,99.92474010018832
24,WP3,M02,Smooth,0.25,0,1,-1,1,6.5,1.5,1.15,,6.443159976529389,1.4231053404956127,1.1510568416762605,0.26031853540541733,1.4847699804151924,62.647162996376736,6.543002115168878,1.0074287897961351,27.28149462003788,6.59499108542738,7.757425760453336,12.929077774157161,0.1289984042501553,18.748876823607908,1.6751088850967755,0.8441931921702599,21.917404233776445,632.8174160291173,95.50130811320439
25,WP3,M02,Smooth,0.25,0,1,1,-1,6.5,3.5,0.85,,6.535719242783586,3.5928941705625084,0.8683201991594854,0.2581034392162867,1.3538991726320968,61.19278725650903,6.349358745206593,0.987711345651558,23.798329620958114,6.968970875730325,8.206031935963331,8.623326809264459,0.8349153564209417,26.754784295248257,1.139120451903791,2.090657683019497,29.924238954648086,808.0690002301499,100.04925952205004
26,WP3,M02,Smooth,0.25,0,-1,-1,1,4.5,1.5,1.15,,4.582893890385907,1.4518716573550932,1.13921662490643,0.22560141744166726,1.0844808171169278,63.01709332518105,6.29232509043921,0.9976555172928023,26.767570491463257,4.830021178195605,7.842776106224369,14.094773207043284,0.05387470015157577,17.913089815103103,1.6860944005675085,0.6787700554465468,21.63893399171946,679.9448605658433,99.72258635715802
27,WP3,M02,Smooth,0.25,0,1,-1,-1,6.5,1.5,0.85,,6.391525088994308,1.4720269970376934,0.8459402541967695,0.2399119634968235,1.2834328616401294,62.726363113839504,6.548179835047102,0.9892419592728167,27.240727389879616,6.517510375693656,8.139318246450713,12.583898767735246,0.1642696141346618,15.538033185783242,2.022859832542036,0.7431634041780871,19.13208799717467,659.64375914795,100.34530630390677
28,WP4,M03,Textured,0.65,0,-1,1,-1,4.5,3.5,0.85,,4.498096585990332,3.363755141315619,0.8418615762474863,0.6635886064690326,3.333852590767254,78.34284982909645,8.35208472779097,1.1166731524203546,22.726212934525847,5.229356110123168,8.671092064992306,8.825764759410374,0.8107472449793321,28.237321647394396,1.4197524536501487,2.3974851312657006,25.092746469200296,851.429887718827,104.6290182129534
29,WP4,M03,Textured,0.65,0,1,1,1,6.5,3.5,1.15,,6.429871812108686,3.4255931041283754,1.1365490958743585,0.6716097224101486,3.2975057699799177,78.25195889740759,8.6082685690038,1.151429587751205,22.276922271523393,6.617298055156742,8.36229577250735,7.297328443859302,0.9375082304472764,33.16485766322182,1.2458877270273865,3.0167708961868738,29.470265362260626,853.0147493946664,96.79983915026875
30,WP4,M03,Textured,0.65,0,-1,-1,1,4.5,1.5,1.15,,4.488274372967208,1.6328793485457598,1.1554915684270286,0.6546064948813461,3.3144339654739623,78.16798734637999,8.400124386186667,1.1357502724308615,24.85669461140274,4.989416947940559,8.284961247810939,11.582316415651244,0.3088503615902038,23.520161134117902,1.7142993546590843,1.5285334089299063,21.673318113696553,716.1698959603943,100.10396186055472
31,WP4,M03,Textured,0.65,0,-1,1,1,4.5,3.5,1.15,,4.506544823907349,3.365102216669331,1.122489097190397,0.6530805838432107,3.1872408765119844,79.5599459152349,8.683659652234706,1.1209841400061158,22.163885670078898,4.923928817193647,8.262554790587785,8.977402062297465,0.7909283405702209,31.409357005325635,1.3270429675990898,2.732687316472189,26.65643181997541,860.2025816583382,100.78640530486862
32,WP4,M03,Textured,0.65,1,0,0,0,5.5,2.5,1.0,,5.413253204690867,2.479352913870388,1.0021681616364713,0.6605287272128095,3.4185436282877055,80.54842794147582,8.317090246148238,1.1485642648450998,23.80218714793992,5.8043901345950415,8.359050899894994,9.638746113449885,0.6874507614132427,27.159231381510857,1.4699249997438881,2.359129161626248,24.818013331194383,793.150709803953,100.38177714598379
33,WP4,M03,Textured,0.65,0,1,1,-1,6.5,3.5,0.85,,6.4905698946362,3.5427545154812425,0.8375402787711177,0.6296525076886615,3.310444437337222,78.6746338736134,8.376051749299016,1.1232266957553558,22.046085855121433,6.6692013543571065,8.548847049840768,6.828037450923558,0.956603462343516,30.002026999651054,1.3400777353177802,2.726883050353652,25.40338377834951,848.3118251414231,100.16996746889374
34,WP4,M03,Textured,0.65,0,1,-1,-1,6.5,1.5,0.85,,6.4221179232588925,1.40391756670823,0.8585462966669154,0.655544536620764,3.3514448742179614,78.2953405552495,8.271774397149537,1.1096951113888929,25.277224536264068,6.40459492299679,8.57286916933173,10.299760443935549,0.561240093818703,22.022791631606474,1.8028830209397704,1.851063977224366,21.499861923330073,719.3700717773187,100.17845653836424
35,WP4,M03,Textured,0.65,0,-1,-1,-1,4.5,1.5,0.85,,4.459395459627962,1.5190039943675149,0.8311157695973119,0.6606172520201266,3.373348944959466,79.03548931931373,8.230448658007655,1.134874029721586,25.170833930927387,4.92429415905722,8.78645100971954,11.460088762150628,0.3306442220419226,19.617839444321998,2.0137871792946616,1.350069845115227,19.05701779669282,728.7138082702232,104.46259883710906
36,WP4,M03,Textured,0.65,0,1,-1,1,6.5,1.5,1.15,,6.490863167302851,1.5367420852238518,1.162297203194156,0.7037866439296984,3.751216562451379,80.27986287674116,8.398846685604857,1.135880794374039,24.908592096195402,6.676944210195503,8.140113716211363,10.091534169788535,0.6027512616523953,26.34856322530153,1.5300441145948656,2.319078337647197,23.41134181095557,732.8008920351434,94.86550499466533
